1,Jose,Mourinho,A1,Window,1200
2,Pep,Gaurdiola,A2,Middle,250
3,Arsene,Wenger,A3,Aisle,750
4,Antonio,Conte,A4,Window,1200
5,Jurgen,Klopp,A5,Middle,250
6,Wayne,Rooney,A6,Aisle,750
7,Paul,Pogba,B1,Window,1200
8,Romelu,Lukaku,B2,Middle,250
9,David,Degea,B3,Aisle,750
10,David,Beckham,B4,Window,1200
11,Ryan,Giggs,B5,Middle,250
12,Paul,Scholes,B6,Aisle,750
13,Roy,Keane,C1,Window,1200
14,Eric,Cantona,C2,Middle,250
15,Robin,VanPersie,C3,Aisle,750
16,Cristiano,Ronaldo,C4,Window,1200
17,Gary,Nevile,C5,Middle,250
18,Thiery,Henry,C6,Aisle,750
19,Frank,Lampard,D1,Window,1200
20,Steven,Gerrard,D2,Middle,250
21,John,Smith,D4,Aisle,750
22,John,Mourinho,D5,Window,1200
23,John,Gaurdiola,D6,Middle,250
24,John,Wenger,E1,Aisle,750
25,John,Conte,E2,Window,1200
26,John,Klopp,E3,Middle,250
27,John,Rooney,E4,Aisle,750
28,John,Pogba,E5,Window,1200
29,John,Lukaku,E6,Middle,250
30,John,Degea,F1,Aisle,750
31,John,Beckham,F2,Window,1200
32,John,Giggs,F3,Middle,250
33,John,Scholes,F4,Aisle,750
34,John,Keane,F5,Window,1200
35,John,Cantona,F6,Middle,250
36,John,VanPersie,G1,Aisle,750
37,John,Ronaldo,G2,Window,1200
38,John,Nevile,G3,Middle,250
39,John,Henry,G4,Aisle,750
40,John,Lampard,G5,Window,1200
41,John,Gerrard,G6,Middle,250
42,John,Smith,H1,Aisle,750
43,John,Mourinho,H2,Window,1200
44,John,Gaurdiola,H3,Middle,250
45,John,Wenger,H4,Aisle,750
46,John,Conte,H5,Window,1200
47,John,Klopp,H6,Middle,250
48,John,Rooney,I1,Aisle,750
49,John,Pogba,I2,Window,1200
50,Smith,Lukaku,I3,Middle,250
51,Smith,Degea,I4,Aisle,750
52,Smith,Beckham,I5,Window,1200
53,Smith,Giggs,I6,Middle,250
54,Smith,Scholes,J1,Aisle,750
55,Smith,Keane,J2,Window,1200
56,Smith,Cantona,J3,Middle,250
57,Smith,VanPersie,J4,Aisle,750
58,Smith,Ronaldo,J5,Window,1200
59,Smith,Nevile,J6,Middle,250
60,Smith,Henry,K1,Aisle,750
61,Smith,Lampard,K2,Window,1200
62,Smith,Gerrard,K3,Middle,250
63,Smith,Jose,K4,Aisle,750
64,Smith,Pep,K5,Window,1200
65,Smith,Arsene,K6,Middle,250
66,Smith,Antonio,L1,Aisle,750
67,Smith,Jurgen,L2,Window,1200
68,Smith,Wayne,L3,Middle,250
69,Smith,Paul,L4,Aisle,750
70,Smith,Romelu,L5,Window,1200
71,Smith,David,L6,Middle,250
72,Smith,David,M1,Aisle,750
73,Smith,Ryan,M2,Window,1200
74,Smith,Paul,M3,Middle,250
75,Smith,Roy,M4,Aisle,750
76,Smith,Eric,M5,Window,1200
77,Smith,Robin,M6,Middle,250
78,Smith,Cristiano,N1,Aisle,750
79,Smith,Gary,N2,Window,1200
80,Smith,Thiery,N3,Middle,250
81,Smith,Frank,N4,Aisle,750
82,Smith,Steven,N5,Window,1200
83,Smith,Jones,N6,Middle,250
84,Smith,Collin,O1,Aisle,750
85,Smith,Stone,O2,Window,1200
86,Smith,Ian,O3,Middle,250
87,Smith,Jack,O4,Aisle,750
88,Smith,Steven,O5,Window,1200
89,Steven,Paul,O6,Middle,250
90,Steven,Roy,P1,Aisle,750
91,Steven,Eric,P2,Window,1200
92,Steven,Robin,P3,Middle,250
93,Steven,Cristiano,P4,Aisle,750
94,Steven,Gary,P5,Window,1200
95,Steven,Thiery,P6,Middle,250
96,Steven,Frank,Q1,Aisle,750
97,Steven,Steven,Q2,Window,1200
98,Steven,Jones,Q3,Middle,250
99,Steven,Collin,Q4,Aisle,750
100,Steven,Stone,Q5,Window,1200
